Broker Names,Broker Filer Code,Address,Phone,Details Page Link
A N DERINGER INC,'551,"12 MARSH ROAD  NORTON, VT 5907  United States",+1 802-822-5252,https://www.cbp.gov/about/contact/find-broker-by-port/0211/551
AFFILIATED CUSTOMS BROKERS USA INC,EG6,"193 WEST SERVICE ROAD  PO BOX 2421  CHAMPLAIN, NY 12919  United States",+1 518-298-3636,https://www.cbp.gov/about/contact/find-broker-by-port/0211/EG6
FEDEX TRADE NETWORKS TRANSPORT & BROKERAGE INC,'799,"205 WEST SERVICE ROAD  CHAMPLAIN, NY 12919  United States",+1 518-298-3000,https://www.cbp.gov/about/contact/find-broker-by-port/0211/799
RADIX GROUP INTERNATIONAL INC DBA DHL GLOBAL FORWARDING,'336,"25 NELSON ROAD  NORTON, VT 5907  United States",+1 802-822-5271,https://www.cbp.gov/about/contact/find-broker-by-port/0211/336
UPS SUPPLY CHAIN SOLUTIONS INC,UPS,"1 UPS WAY  CHAMPLAIN, NY 12919  United States",+1 518-298-8000,https://www.cbp.gov/about/contact/find-broker-by-port/0211/UPS
