Broker Names,Broker Filer Code,Address,Phone,Details Page Link
BORDER BROKERS INTERNATIONAL USA INC,'9X2,"152 WEST ROLETTE STREET  SUITE 2  PEMBINA, ND 58271  United States",+1 701-825-6290,https://www.cbp.gov/about/contact/find-broker-by-port/3406/9X2
COLE INTERNATIONAL USA INC,CIU,"222 SOUTH 5TH STREET  PEMBINA, ND 58271  United States",+1 701-825-6396,https://www.cbp.gov/about/contact/find-broker-by-port/3406/CIU
FEDEX TRADE NETWORKS TRANSPORT & BROKERAGE INC,'799,"115 2ND AVENUE  PORTAL, ND 58772  United States",+1 701-926-4141,https://www.cbp.gov/about/contact/find-broker-by-port/3406/799
FEDEX TRADE NETWORKS TRANSPORT & BROKERAGE INC,'799,"115 2ND AVENUE  PORTAL, ND 58772  United States",+1 701-926-4141,https://www.cbp.gov/about/contact/find-broker-by-port/3406/799
GHY USA INC,DN2,"572 SOUTH FIFTH STREET  2  PEMBINA, ND 58271  United States",+1 701-825-6474,https://www.cbp.gov/about/contact/find-broker-by-port/3406/DN2
INTERNATIONAL TRADE SOLUTIONS INC,'572,"1507 HIGHWAY 16N  RAYMOND, MT 59256  United States",+1 701-738-2540,https://www.cbp.gov/about/contact/find-broker-by-port/3406/572
RADIX GROUP INTERNATIONAL INC DBA DHL GLOBAL FORWARDING,'336,"833 WEST ROLETTE STREET  PO BOX 405  PEMBINA, ND 58271  United States",+1 701-825-6495,https://www.cbp.gov/about/contact/find-broker-by-port/3406/336
UPS SUPPLY CHAIN SOLUTIONS INC,UPS,"231 NORTH 3RD STREET  PEMBINA, ND 58271  United States",+1 701-825-6241,https://www.cbp.gov/about/contact/find-broker-by-port/3406/UPS
VANDEGRIFT FORWARDING COMPANY INC,'316,"152 WEST ROLETTE STREET  SUITE 5  PEMBINA, ND 58271  United States",+1 701-825-6565,https://www.cbp.gov/about/contact/find-broker-by-port/3406/316
