Broker Names,Broker Filer Code,Address,Phone,Details Page Link
ASCENT GLOBAL LOGISTICS INTERNATIONAL LLC DBA ASCENT GLOBAL LOGISTICS,ARV,"8790 F ST  STE 308  OMAHA, NE 68127  United States",+1 402-345-9800,https://www.cbp.gov/about/contact/find-broker-by-port/3512/ARV
PHIL PATTERSON INC,M73,"1209 HARNEY STREET  SUITE 250  OMAHA, NE 68102  United States",+1 402-344-4636,https://www.cbp.gov/about/contact/find-broker-by-port/3512/M73
VANTEC HITACHI TRANSPORT SYSTEM USA INC,FY1,"10665 BEDFORD AVENUE  SUITE 201  OMAHA, NE 68134  United States",+1 402-891-6181,https://www.cbp.gov/about/contact/find-broker-by-port/3512/FY1
WERNER GLOBAL LOGISTICS US LLC,WGL,"14507 FRONTIER ROAD  OMAHA, NE 68138  United States",+1 800-228-2240,https://www.cbp.gov/about/contact/find-broker-by-port/3512/WGL
