Names,Roles
Paulino Jerónimo,"Agência Nacional de Petróleo, Gás e Biocombustíveis"
Jacinto Ferreira dos Santos Rocha,Agência Nacional dos Recursos Minerais
Sebastião Pai Querido Gaspar Martins,Sonangol
José Manuel Augusto Ganga Júnior,Endiama
Eugénio Bravo da Rosa,SODIAM
Canga Xiaquivuila,Instituto Geológico de Angola
Manuel Albino Ferreira,Instituto Regulador dos Derivados do Petróleo
Joaquim Alegria,Instituto Nacional de Petróleo
Paulo Nvika,Comissão Nacional do Processo Kimberley
