Names,Roles
Laurinda Jacinto Prazeres Cardoso,"Juíza Conselheira Presidente do Tribunal Constitucional, designada pelo Presidente da República."
Vitória Manuel da Silva Izata,"Juíza Conselheira Vice-Presidente  do Tribunal Constitucional, eleita pela Assembleia Nacional."
Simão de Sousa Victor,"Juiz Conselheiro do Tribunal Constitucional, designado pelo Conselho Superior da Magistratura Judicial."
Maria de Conceição de Almeida Sango,"Juíza Conselheira do Tribunal Constitucional, eleita pela Assembleia Nacional."
Júlia de Fátima Leite Ferreira,"Juíza Conselheira do Tribunal Constitucional, designada pelo Presidente da República."
Carlos Manuel dos Santos Teixeira,"Juiz Conselheiro do Tribunal Constitucional, designado pelo Presidente da República."
Carlos Alberto Bravo Burity da Silva,"Juiz Conselheiro do Tribunal Constitucional, designado por concurso publico curricular."
Maria de Fátima de Almeida da Silva,"Juíza Conselheira do Tribunal Constitucional, designada pelo Conselho Superior da Magistratura Judicial."
Josefa Antónia dos Santos Neto,"Juíza Conselheira do Tribunal Constitucional, eleita pela Assembleia Nacional."
Gilberto Magalhães,"Juiz Conselheiro do Tribunal Constitucional, designado pelo Presidente da República."
Vitorino Domingos Hossi,"Juiz Conselheiro do Tribunal Constitucional, eleito pela Assembleia Nacional."
