Names,Roles
Onofre Martins dos Santos,Juiz Conselheiro Jubilado
Guilhermina Contreiras da Costa Prata,Juíza Conselheira Jubilada
Raul Carlos Vasques Araújo,Juiz Conselheiro Jubilado
Américo Garcia,Juiz Conselheiro Jubilado
Agostinho Santos,Juiz Conselheiro Jubilado
Miguel Correia,Juiz Conselheiro Jubilado
Manuel Miguel Aragão,JUÍZ CONSELHEIRO PRESIDENTE JUBILADO
Rui Constantino da Cruz Ferreira,JUÍZ CONSELHEIRO PRESIDENTE JUBILADO
Carlos Magalhães,Juiz Conselheiro Jubilado
Efigênia Mariquinha Dos Santos Lima Clemente,Juíza Conselheira Jubilada
Luzia Bebiana de Almeida Sebastião,Juíza Conselheira Jubilada
Maria da Imaculada L. da Conceição Melo,Juíza Conselheira Jubilada
Caetano António de Sousa,Juiz Conselheiro Jubilado
Teresinha da Silva Lopes,Juíza Conselheira Jubilada
