Names,Roles 1,Roles 2
"Mr. Samuel Rose, Cert. Hon., JP",Cabinet Secretary/Chief Officer,Cabinet Office
"Gloria McField-Nixon, Cert. Hon., JP",Chief Officer,Portfolio of the Civil Service
Reshma Sharma,Solicitor-General/Chief Officer,Portfolio of Legal Affairs
"Ms. Teresa Echenique, Cert. Hon., JP",Chief Officer,"Ministry of Youth, Sports, Culture & Heritage"
"Mr. Stran Bodden, JP",Chief Officer,Ministry of Tourism & Ports
Ms. Lyneth Monteith,Chief Officer (Acting),Ministry of Education
"Mr. Wesley Howell, Cert. Hon., JP",Chief Officer,Ministry of Border Control & Labour
"Mr. Kenneth Jefferson, JP",Financial Secretary/Chief Officer,Ministry of Finance & Economic Development
"Dr. Dax Basdeo, Cert. Hon., JP",Chief Officer,Ministry of Financial Services
"Ms. Nellie Pouchie, Cert. Hon.",Chief Officer,Ministry of Health & Wellness
Ms. Tamara Ebanks,Chief Officer (Acting),"Ministry of Investment, Innovation & Social Development"
"Ms. Jennifer Ahearn, JP",Chief Officer,Ministry of Sustainability & Climate Resiliency
Mr. Wilbur Welcome,Chief Officer (Acting),Ministry of District Administration & Lands
Mr. Michael Ebanks,Chief Officer (Acting),Ministry of Home Affairs
Mr. Simon Davis,Director of Public Prosecutions/Chief Officer,Office of the Director of Public Prosecutions
"Mr. Derek Byrne, Cert. Hon.",Commissioner of Police/Chief Officer,Office of the Commissioner of Police
"Mrs. Suzanne Bothwell, JP",Courts Administrator/Chief Officer,Judicial Administration
Ms. Susan Winspear,Auditor General,Office of the Auditor General
Ms. Sharon Roulstone,Ombudsman,Office of the Ombudsman
