Names,Roles,Department Contact Information,Address Office,Business Office Hours,Telephone Office,Fax Office
"His Excellency John James Rankin, CMG",Governor,Office of the Deputy Governor,"33 Admin Drive
Central Administration Building
Road Town, Tortola
Virgin Islands (British) VG1110","Monday - Friday  
8:30 a.m. to 4:30 p.m.",1(284) 468-2195,1(284) 468-3198
Mr. David Archer Jr.,Deputy Governor,Office of the Deputy Governor,"33 Admin Drive
Central Administration Building
Road Town, Tortola
Virgin Islands (British) VG1110","Monday - Friday  
8:30 a.m. to 4:30 p.m.",1(284) 468-2195,1(284) 468-3198
"Mrs. Sharleen Dabreo-Lettsome, MBE",Permanent Secretary,Office of the Deputy Governor,"33 Admin Drive
Central Administration Building
Road Town, Tortola
Virgin Islands (British) VG1110","Monday - Friday  
8:30 a.m. to 4:30 p.m.",1(284) 468-2195,1(284) 468-3198
