Names,Roles,Department Contact Information,Address Office,Business Office Hours,Telephone Office,Fax Office
Dr. the Honourable Natalio D. Wheatley,Minister of Finance,Ministry of Finance  Contact Information,"Ministry of Finance
33 Admin Drive
Road Town, Tortola
Virgin Islands (British) VG1110","Monday - Friday  
8:30 a.m. to 4:30 p.m.",1(284) 468-2144,1(284) 468-3299
Jeremiah Frett,Financial Secretary (Ag.),Ministry of Finance  Contact Information,"Ministry of Finance
33 Admin Drive
Road Town, Tortola
Virgin Islands (British) VG1110","Monday - Friday  
8:30 a.m. to 4:30 p.m.",1(284) 468-2144,1(284) 468-3299
