Names,Roles,Office Telephone,Office Email,Office Address,Business Hours
Honourable Vincent Wheatley,Minister for Health and Social Development,1(284) 468-2272 / 2174,ministryofhealth@gov.vg ,"Ministry of Health and Social Development
33 Admin Drive
Second Floor, West Atrium
Central Administration Building
Wickhams Cay I, Road Town,Tortola
Virgin Islands (British) VG1110","   Monday - Friday  
8:30 a.m. to 4:30 p.m."
Tasha Bertie,Permanent Secretary (Ag.),1(284) 468-2272 / 2174,ministryofhealth@gov.vg ,"Ministry of Health and Social Development
33 Admin Drive
Second Floor, West Atrium
Central Administration Building
Wickhams Cay I, Road Town,Tortola
Virgin Islands (British) VG1110","   Monday - Friday  
8:30 a.m. to 4:30 p.m."
Dr. Ronald Georges,Chief Medical Officer (Ag.),1(284) 468-2272 / 2174,ministryofhealth@gov.vg ,"Ministry of Health and Social Development
33 Admin Drive
Second Floor, West Atrium
Central Administration Building
Wickhams Cay I, Road Town,Tortola
Virgin Islands (British) VG1110","   Monday - Friday  
8:30 a.m. to 4:30 p.m."
Natalie Fahie-Smith,Deputy Secretaries,1(284) 468-2272 / 2174,ministryofhealth@gov.vg ,"Ministry of Health and Social Development
33 Admin Drive
Second Floor, West Atrium
Central Administration Building
Wickhams Cay I, Road Town,Tortola
Virgin Islands (British) VG1110","   Monday - Friday  
8:30 a.m. to 4:30 p.m."
Alisia Browne,Assistant Secretary,1(284) 468-2272 / 2174,ministryofhealth@gov.vg ,"Ministry of Health and Social Development
33 Admin Drive
Second Floor, West Atrium
Central Administration Building
Wickhams Cay I, Road Town,Tortola
Virgin Islands (British) VG1110","   Monday - Friday  
8:30 a.m. to 4:30 p.m."
Jocelyn Estridge,Assistant Secretary (Ag.),1(284) 468-2272 / 2174,ministryofhealth@gov.vg ,"Ministry of Health and Social Development
33 Admin Drive
Second Floor, West Atrium
Central Administration Building
Wickhams Cay I, Road Town,Tortola
Virgin Islands (British) VG1110","   Monday - Friday  
8:30 a.m. to 4:30 p.m."
