Names,Roles,PII
"Hon. Valdis Foldats, LLB",Chief Magistrate of the Cayman Islands,"Place of Birth: Canada
LLB University of Victoria, Canada 1983
BA(Econ) University of Victoria, Canada 1980
Sole Practitioner specializing in criminal work, Coroners’ Court and disciplinary matters 1984-1999, Yellowknife, Northern Territories, Canada
Registrar of Court of Appeal and Senior Deputy Clerk, Cayman Islands 1999-2001
Clerk of the Court, Cayman Islands 2001-2011
Acting Magistrate, Cayman Islands 1996-2011
Magistrate of the Summary Court of the Cayman Islands 2011"
