Names,Roles,Titles,PII
"Hon. Richard N. Williams, LLB",Judges,Current,"(Assigned to all Divisions except the Financial Services Division)
Place of birth: Kuala Lumpur, Malaysia
Nationality: British National and Turks and Caicos Islands Belonger

QUALIFICATIONS

Called to the Bar of Eastern Caribbean Supreme Court (St Vincent and the Grenadines), 2001
Called to the Bar of Turks and Caicos Islands, 2001
Called to the Bar of England & Wales at Grays Inn, 1988
Bar Finals – Inns of Court School of Law, 1988
LLB (Hons), 1987

BAR, JUDICIAL EXPERIENCE

Judge of the Grand Court, Cayman Islands, 2011
Judge of the Supreme Court, Turks and Caicos Islands (Chief Justice (ag) when required), 2008-2011
Chief Magistrate and Chief Coroner, Turks and Caicos Islands (Chief Justice (ag) or Judge of the Supreme Court (ag) when required), 2004-2008
Resident Magistrate and Coroner for Providenciales, Turks and Caicos Islands (Chief Magistrate (ag) when required), 2002-2004
Senior Magistrate, Vice and Acting President of the Family Court and Coroner for St. Vincent and the Grenadines, 2001-2002
Head of Litigation, Saunders and Company, Turks and Caicos Island, 2001
Tenancy – Chambers of Phillip Sapsford QC, Goldsmith Chambers, Goldsmith Building, Temple, London, 1993-2001
Tenancy – Chambers of Len Woodley QC / Lord Gifford QC, 8 King’s Bench Walk, Temple, London, 1989-1993
Pupillage – Chambers of Len Woodley QC / Lord Gifford QC, 8 King’s Bench Walk, Temple, London, 1988-1989

MEMBERSHIPS

International Hague Network Judge, 2013 to date
Vice-President Commonwealth Magistrates’ and Judges’ Association (Caribbean Region), 2009-2012 & 2015 to date
Council Member Commonwealth Magistrates’ and Judges’ Association (Caribbean Region), 2006 to date
International Association of Youth and Family Judges and Magistrates
Association of International Family Judges
Adviser to UNICEF, Barbados office – Organization of Eastern Caribbean States Family Law and Domestic Violence Legal and Judicial Reform Project
Adviser to UNICEF, Barbados office – Moving the Agenda for Children forward In the Eastern Caribbean Project"
"Hon. Cheryll Richards, KC",Judges,Current,"(Assigned to all Divisions)
Place of Birth: Jamaica
Nationality: Jamaican and Caymanian Status Holder

QUALIFICATIONS

Called to the Inner Bar of the Cayman Islands – 2009
Called to the Bar of the Cayman Islands -2009
Called to the Bar of Jamaica -1986
Norman Manley Law School -LEC 1986
University of the West Indies- (Honours) LLB 1984

BAR, JUDICIAL EXPERIENCE

Judge of the Grand Court- Cayman Islands- December 2018
Director of Public Prosecutions- Cayman Islands – 2011-2018
Solicitor General – Cayman Islands- 2005-2011
Senior Crown Counsel International- Cayman Islands- 2003 -2005
Crown Counsel – Cayman Islands- 1996-2003
Senior Crown Counsel – Turks and Caicos – 1993-1996
Deputy Director of Public Prosecutions- Jamaica – 1992-1993
Assistant Director of Public Prosecutions – Jamaica- 1990-1992
Crown Counsel- Jamaica- 1988-1990
Clerk of Court – Jamaica -1986-1988"
Hon. Ian Kawaley,Judges,Current,"Justice Kawaley was appointed as a Judge of the Grand Court on 13 April 2017 until 19 August 2025. He served as Chief Justice of Bermuda between April 2012 and July 2018 after initially serving as a Judge of Bermuda’s Supreme Court (2003-2012). Prior to his appointment to the Bench, Justice Kawaley was a Crown Counsel (Bermuda) and Senior State Counsel (Seychelles), a criminal defence lawyer in Bermuda and London (1985-1989) and a commercial litigator in Bermuda (1989-2003). He was called to the Bar of England and Wales (Middle Temple) in 1978 and to the Bermuda Bar in 1980 and obtained his LLB (Hons) from Liverpool University (1977), his LLM from London University (LSE, 1979) and his PhD from London University (External, 1999). Justice Kawaley has authored numerous legal articles and has edited two books focusing on offshore commercial legal practice."
Hon. Nicholas Segal,Judges,Current,"(Assigned to the Financial Services Division)
Place of birth:United Kingdom
Citizen of the United Kingdom

QUALIFICATIONS

M.A., University of Oxford (England) (St. Peter’s College)
Admitted as a Solicitor, 1982
Qualified to practice at the New York Bar since 2003
Called the Bar of England and Wales and qualified as a barrister, 2018 

BAR, JUDICIAL EXPERIENCE

Partner (previously trainee and associate) Cameron Markby (now CMS Cameron McKenna) London, 1980-1988
Partner, Allen and Overy, London, 1988-2003
Partner, Davis Polk and Wardwell, New York, 2003-2006
Partner, Freshfields Bruckhaus Deringer LLP, 2006 to 2018
Barrister, Erskine Chambers, Chancery Lane, London
Appointed Judge of the Grand Court of the Cayman Islands assigned to the Financial Services Division, January 2015 (full-time)
Fellow of the Society for Advanced Legal Studies and of INSOL
Fellow of the American College of Bankruptcy
Trustee of BAILII (British and Irish Legal Information Service)
Tutor, BCL, Oxford University
Consulting Editor, Totty, Moss and Segal on Insolvency (Sweet & Maxwell)
Consulting Editor, Debt Restructuring (OUP)
Contributing author, Lightman& Moss, The Law of Administrators and Receivers of Companies, Moss, Fletcher & Isaacs, The EC Regulation on Insolvency Proceedings and Rose, Restitution and Banking Law.
Member, Advisory Board for the Oxford Masters in Law and Finance Programme and of the Oxford Centre for Commercial Law Studies
Deputy Chair of the Oxford University Society
Member, Steering Committee and Executive Committee of the Secured Transactions Law Reform Project
Formerly Visiting Fellow at University College and at Queen Mary & Westfield College, London"
Hon. Raj Parker,Judges,Current,"Mr. Raj Parker is a member of Matrix Chambers and has had over thirty years’ experience in international commercial litigation. A Partner at Freshfields for 23 years, he was co-head of the Financial Institutions disputes practice during the financial crisis, and was involved in a number of business-critical issues for clients all around the world. He specialises in contentious matters for banks, insurance sector businesses and hedge funds. He has also handled global corporate regulatory investigations, many involving fraud-related issues, in Europe, Asia and the US. Mr. Parker’s appointed began on 13 April 2017 until 18 September 2030."
Hon. David Charles Doyle CBE,Judges,Current,"Born:     26 April 1960
Nationality:      British

QUALIFICATIONS

Glenealy Junior School Hong Kong 1965 -1971
Hong Kong Island School 1971-1974
King William’s College Isle of Man 1974-1978
Bachelor of Law Newcastle Upon Tyne University 1981

BAR, JUDICIAL EXPERIENCE

Called to the Bar of England and Wales 1982
Litigation Department Slaughter and May solicitors London 1982
Called to the Bar of the Isle of Man 1984
George Johnson Law Prize for essay on Precedent in Manx Law
Partner at Dickinson, Cruickshank & Co Advocates 1985 – 2003 dealing principally with company, commercial, trust and regulatory litigation matters becoming Head of Commercial Department
Contributions to Solly’s Government and Law in the Isle of Man (1994)
Contributions to Solly’s Isle of Man Partnership Law (1996)
Member of the Governing Council of the Isle of Man Law Society 1997 – 2003
Chairman Law Society Education Committee 1997 – 2003
Chairman Law Society Human Rights Committee 2001 – 2003
Member of the Isle of Man Government’s Corporate Services Review Committee 2001 – 2003
Part-time Deputy High Bailiff (District Judge) and Coroner of Inquests 2002 – 2003
Elected Vice President Isle of Man Law Society 2003
Her Majesty’s Second Deemster (Deputy Chief Justice) sitting at first instance and in the Appeal Division from 2003 – 2010
Her Majesty’s First Deemster and Clerk of the Rolls (Chief Justice) sitting at first instance and in the Appeal Division and Deputy Governor of the Isle of Man from 2010 – 2018
Elected Bencher Gray’s Inn 2011
Judge of Appeal of the Courts of Appeal of Jersey and Guernsey from 2015 – 2018
From 2007 onwards presented various lectures in Harvard, Oxford and elsewhere on the rule of law and judging ( some of which are available at courts.im)
2018 to 2021: Senior Legal Adviser within the litigation department at Cains Advocates Isle of Man dealing with company, commercial, trust and regulatory litigation matters
Member of the Commonwealth Magistrates’ and Judges’ Association
Awarded CBE in The Queen’s 2019 New Year’s Honours for services to the law and the administration of justice"
