Names,Roles,Office Telephone,Office Email,Office Address,Business Hours
Honourable Sharie B. de Castro,"Minister for Education, Youth Affairs and Sports",1(284) 468-2151,mec@gov.vg ,"Ministry of Education, Youth Affairs and Sports
P.O. Box 72 Wickham’s Cay 1
Road Town, Tortola
Virgin Islands (British) VG1110","   Monday - Friday  
8:30 a.m. to 4:30 p.m."
"Marcia Potter, PhD",Permanent Secretary,1(284) 468-2151,mec@gov.vg ,"Ministry of Education, Youth Affairs and Sports
P.O. Box 72 Wickham’s Cay 1
Road Town, Tortola
Virgin Islands (British) VG1110","   Monday - Friday  
8:30 a.m. to 4:30 p.m."
Claude Kettle,Deputy Secretary (Ag.),1(284) 468-2151,mec@gov.vg ,"Ministry of Education, Youth Affairs and Sports
P.O. Box 72 Wickham’s Cay 1
Road Town, Tortola
Virgin Islands (British) VG1110","   Monday - Friday  
8:30 a.m. to 4:30 p.m."
"Connie George, PhD",Chief Education Officer,1(284) 468-2151,mec@gov.vg ,"Ministry of Education, Youth Affairs and Sports
P.O. Box 72 Wickham’s Cay 1
Road Town, Tortola
Virgin Islands (British) VG1110","   Monday - Friday  
8:30 a.m. to 4:30 p.m."
