Names,Roles,Department Contact Information,Address Office,Business Office Hours,Telephone Office
Dr. the Honourable Natalio Wheatley,Premier,Premier's Office  Contact Information,"265 Waterfront Drive
Road Town 
Tortola VG1110
British Virgin Islands","Monday - Friday  
8:30 a.m. to 4:30 p.m.",1(284) 468-2152
Mrs. Carolyn Stoutt Igwe,Permanent Secretary,Premier's Office  Contact Information,"265 Waterfront Drive
Road Town 
Tortola VG1110
British Virgin Islands","Monday - Friday  
8:30 a.m. to 4:30 p.m.",1(284) 468-2152
Malvern Brathwaite,Assistant Secretary,Premier's Office  Contact Information,"265 Waterfront Drive
Road Town 
Tortola VG1110
British Virgin Islands","Monday - Friday  
8:30 a.m. to 4:30 p.m.",1(284) 468-2152
