Names,Roles,Office Telephone,Office Email,Office Fax,Office Address,Business Hours
Honourable Kye M. Rymer,Minister for Communications and Works,1(284) 468-2183,mcw@gov.vg ,mcw@gov.vg ,"The Permanent Secretary
Ministry of Communications and Works
Government of the Virgin Islands
Road Town, Tortola
Virgin Islands (British) VG1110","   Monday - Friday  
8:30 a.m. to 4:30 p.m."
"Mrs. Carleen Mercer-Scatliffe
Ms. Haley Trott (Ag.)",Deputy Secretaries,1(284) 468-2183,mcw@gov.vg ,mcw@gov.vg ,"The Permanent Secretary
Ministry of Communications and Works
Government of the Virgin Islands
Road Town, Tortola
Virgin Islands (British) VG1110","   Monday - Friday  
8:30 a.m. to 4:30 p.m."
Mrs. Elvia Smith-Maduro,Permanent Secretary (Ag.),1(284) 468-2183,mcw@gov.vg ,mcw@gov.vg ,"The Permanent Secretary
Ministry of Communications and Works
Government of the Virgin Islands
Road Town, Tortola
Virgin Islands (British) VG1110","   Monday - Friday  
8:30 a.m. to 4:30 p.m."
Margaret Jones-Greene,Assistant Secretaries,1(284) 468-2183,mcw@gov.vg ,mcw@gov.vg ,"The Permanent Secretary
Ministry of Communications and Works
Government of the Virgin Islands
Road Town, Tortola
Virgin Islands (British) VG1110","   Monday - Friday  
8:30 a.m. to 4:30 p.m."
